species,strain,abz_phenotype,resistant,ben-1_var,label,ben-1_clean_call,scaled_abz,color_hex_gradient,color_hex_binary,residue,notes
elegans,NIC1792,-195.48049,FALSE,445*>445S,445*>445S,Stop/start altering,0,#08306B,#08306B,444,445 not a residue pos in WT
elegans,CB4856,-37.3988171,FALSE,440DGDA>440A,440DGDA>440A,In frame deletion,0.39883334,#CFD1E0,#08306B,440,
elegans,GXW1,0.688210315,FALSE,D404N,D404N,Missense,0.49492529,#CFD1E0,#08306B,404,
elegans,JU2862,27.02007943,FALSE,364,Frameshift (364),Frameshift,0.561359477,#CFD1E0,#08306B,364,
briggsae,EG6271,-136.93676,FALSE,R359H,R359H,Missense,0.147703342,#5D6695,#08306B,359,
briggsae,NIC828,-97.08749,FALSE,M299V,M299V,Missense,0.248241356,#8A8FB3,#08306B,299,
briggsae,ECA2299,-130.3127,FALSE,S218L,S218L,Missense,0.164415563,#646D9A,#08306B,218,
briggsae,BRC20499,-127.7225,FALSE,S218L,S218L,Missense,0.170950528,#67709C,#08306B,218,
briggsae,NIC1052,62.60551,TRUE,Q134H,Q134H,Missense,0.651140005,#EBB9AF,#99000D,134,
briggsae,QG4097,-108.44626,FALSE,D128E,D128E,Missense,0.219583662,#7D83AA,#08306B,128,
briggsae,VT847,-137.47615,FALSE,Q94K,Q94K,Missense,0.146342484,#5C6695,#08306B,94,
briggsae,ECA2115,-127.7225,FALSE,Q94K,Q94K,Missense,0.170950528,#67709C,#08306B,94,
briggsae,JU1346,-125.05136,FALSE,V91I,V91I,Missense,0.177689701,#6A729E,#08306B,91,
elegans,ECA2151,-129.36746,FALSE,P80S,P80S,Missense,0.166800364,#656E9B,#08306B,80,
elegans,ECA928,29.0532,TRUE,Y50C,Y50C,Missense,0.566488953,#F7E0DB,#99000D,50,
briggsae,PE887,53.28159,TRUE,stop_gained_W21*,W21*,Stop/start altering,0.627616151,#EFC4BB,#99000D,21,
elegans,NIC2021,41.35308,TRUE,113VDN>113N,113VDN>113N,In frame deletion,0.597521028,#F3D1CB,#99000D,113,
elegans,JU360,43.90272,TRUE,319,Frameshift (319),Frameshift,0.603953661,#F2CEC7,#99000D,319,
elegans,JU3282,45.06238,TRUE,368,Frameshift (368),Frameshift,0.606879434,#F2CDC6,#99000D,368,
elegans,NIC1107,47.18823,TRUE,Duplication,Duplication,Duplication,0.612242863,#F1CBC3,#99000D,1,
elegans,JR4305,56.46711,TRUE,299,Frameshift (299),Frameshift,0.635653083,#EDC0B7,#99000D,299,
elegans,ECA882,58.9416,TRUE,ben-1 deletion,ben-1 deletion,ben-1 deletion,0.641896116,#ECBDB3,#99000D,1,
elegans,XZ1734,60.37854,TRUE,E3*,E3*,Stop/start altering,0.645521454,#ECBBB2,#99000D,3,
elegans,WN2002,69.78701,TRUE,Q131L,Q131L,Missense,0.669258624,#E8B1A5,#99000D,131,
elegans,JU1088,96.9617143,TRUE,M257I,M257I,Missense,0.737819248,#DB9183,#99000D,257,
elegans,WN2033,131.6197474,TRUE,31,Frameshift (31),Frameshift,0.825259992,#C86A5A,#99000D,31,
elegans,EG4724,137.5145726,TRUE,S145F,S145F,Missense,0.840132385,#C46353,#99000D,145,
elegans,QX1212,145.5128226,TRUE,333,Frameshift (333),Frameshift,0.86031163,#BF5A4A,#99000D,333,
elegans,ED3012,152.2951034,TRUE,93,Frameshift (93),Frameshift,0.877423036,#BB5242,#99000D,93,
elegans,JU3135,160.2410864,TRUE,Y51*,Y51*,Stop/start altering,0.897470413,#B64839,#99000D,51,
elegans,JU346,161.9540651,TRUE,Y183*,Y183*,Stop/start altering,0.901792186,#B54637,#99000D,183,
elegans,JU1395,165.1240561,TRUE,Deletion,Deletion,Deletion,0.909789938,#B34234,#99000D,1,
elegans,CX11271,165.3775316,TRUE,S371*,S371*,Stop/start altering,0.910429446,#B24233,#99000D,371,
elegans,KR314,166.7980105,TRUE,E69G + 70,Frameshift (69),Frameshift,0.914013254,#B14032,#99000D,69,
elegans,MY679,178.3050898,TRUE,K379*,K379*,Stop/start altering,0.943045126,#A93025,#99000D,379,
elegans,ECA923,178.5401507,TRUE,start_lost_NA,Start lost,Stop/start altering,0.943638174,#A93025,#99000D,1,
elegans,EG4946,183.091355,TRUE,Q423*,Q423*,Stop/start altering,0.955120669,#A62920,#99000D,423,
elegans,MY16,183.3610676,TRUE,A185P,A185P,Missense,0.955801143,#A62920,#99000D,185,
elegans,TWN2530,187.5392041,TRUE,57,Frameshift (57),Frameshift,0.966342403,#A3221C,#99000D,57,
elegans,MY518,191.2111585,TRUE,Inversion,Inversion,Inversion,0.975606588,#A01B18,#99000D,1,
elegans,JU2581,197.0338123,TRUE,F200Y,Deletion,Deletion,0.990296896,#9C0D11,#99000D,1,
elegans,MY2453,200.8797367,TRUE,16 + inframe_insertion_14N>14KKKN,Frameshift (14),Frameshift,1,#99000D,#99000D,14,Frameshift at residue 16 following inframe insertion at 14 in the same strain
tropicalis,NIC1563,-185.7666,FALSE,P80T,P80T,Missense,0.024507731,#1E3872,#08306B,80,
tropicalis,NIC389,-148.8784,FALSE,R121Q,R121Q,Missense,0.117575092,#4F5B8C,#08306B,121,
contrortus,NA,NA,NA,X167X,167,Missense,NA,#FF0000,NA,167,
contrortus,NA,NA,NA,X198X,198,Missense,NA,#FF0000,NA,198,
contrortus,NA,NA,NA,X200X,200,Missense,NA,#FF0000,NA,200,
